run_name,config_path,run_dir,model,tau,tau_response,tau_refractory,v_threshold,v_reset,lr,alpha,input_gain,label_scale,hidden_dim,num_layers,time_steps,batch_size,epochs,seed
lif__id000__tau2__vth0p5__lr0p0008__a6__ig1__ls1,./result/fintune/configs/lif__id000__tau2__vth0p5__lr0p0008__a6__ig1__ls1.json,./result/fintune/runs/lif__id000__tau2__vth0p5__lr0p0008__a6__ig1__ls1,lif,2.0,,,0.5,0.0,0.0008,6.0,1.0,1.0,500,2,10,4096,100,2026
lif__id001__tau2p5__vth0p5__lr0p0008__a8__ig0p8__ls0p8,./result/fintune/configs/lif__id001__tau2p5__vth0p5__lr0p0008__a8__ig0p8__ls0p8.json,./result/fintune/runs/lif__id001__tau2p5__vth0p5__lr0p0008__a8__ig0p8__ls0p8,lif,2.5,,,0.5,0.0,0.0008,8.0,0.8,0.8,500,2,10,4096,100,2026
lif__id002__tau4__vth0p3__lr0p0005__a6__ig1__ls1,./result/fintune/configs/lif__id002__tau4__vth0p3__lr0p0005__a6__ig1__ls1.json,./result/fintune/runs/lif__id002__tau4__vth0p3__lr0p0005__a6__ig1__ls1,lif,4.0,,,0.3,0.0,0.0005,6.0,1.0,1.0,500,2,10,4096,100,2026
lif__id003__tau3__vth0p3__lr0p0005__a8__ig0p8__ls1p2,./result/fintune/configs/lif__id003__tau3__vth0p3__lr0p0005__a8__ig0p8__ls1p2.json,./result/fintune/runs/lif__id003__tau3__vth0p3__lr0p0005__a8__ig0p8__ls1p2,lif,3.0,,,0.3,0.0,0.0005,8.0,0.8,1.2,500,2,10,4096,100,2026
lif__id004__tau4__vth0p3__lr0p0008__a8__ig1__ls1p2,./result/fintune/configs/lif__id004__tau4__vth0p3__lr0p0008__a8__ig1__ls1p2.json,./result/fintune/runs/lif__id004__tau4__vth0p3__lr0p0008__a8__ig1__ls1p2,lif,4.0,,,0.3,0.0,0.0008,8.0,1.0,1.2,500,2,10,4096,100,2026
lif__id005__tau2__vth0p7__lr0p0008__a8__ig1p2__ls1p2,./result/fintune/configs/lif__id005__tau2__vth0p7__lr0p0008__a8__ig1p2__ls1p2.json,./result/fintune/runs/lif__id005__tau2__vth0p7__lr0p0008__a8__ig1p2__ls1p2,lif,2.0,,,0.7,0.0,0.0008,8.0,1.2,1.2,500,2,10,4096,100,2026
lif__id006__tau2p5__vth1__lr0p0008__a4__ig0p8__ls1p2,./result/fintune/configs/lif__id006__tau2p5__vth1__lr0p0008__a4__ig0p8__ls1p2.json,./result/fintune/runs/lif__id006__tau2p5__vth1__lr0p0008__a4__ig0p8__ls1p2,lif,2.5,,,1.0,0.0,0.0008,4.0,0.8,1.2,500,2,10,4096,100,2026
lif__id007__tau4__vth0p7__lr0p001__a4__ig1p2__ls0p8,./result/fintune/configs/lif__id007__tau4__vth0p7__lr0p001__a4__ig1p2__ls0p8.json,./result/fintune/runs/lif__id007__tau4__vth0p7__lr0p001__a4__ig1p2__ls0p8,lif,4.0,,,0.7,0.0,0.001,4.0,1.2,0.8,500,2,10,4096,100,2026
lif__id008__tau3__vth0p7__lr0p001__a8__ig1p5__ls1p2,./result/fintune/configs/lif__id008__tau3__vth0p7__lr0p001__a8__ig1p5__ls1p2.json,./result/fintune/runs/lif__id008__tau3__vth0p7__lr0p001__a8__ig1p5__ls1p2,lif,3.0,,,0.7,0.0,0.001,8.0,1.5,1.2,500,2,10,4096,100,2026
lif__id009__tau1p5__vth1__lr0p0005__a4__ig1__ls1,./result/fintune/configs/lif__id009__tau1p5__vth1__lr0p0005__a4__ig1__ls1.json,./result/fintune/runs/lif__id009__tau1p5__vth1__lr0p0005__a4__ig1__ls1,lif,1.5,,,1.0,0.0,0.0005,4.0,1.0,1.0,500,2,10,4096,100,2026
lif__id010__tau2__vth0p7__lr0p001__a4__ig0p8__ls1p2,./result/fintune/configs/lif__id010__tau2__vth0p7__lr0p001__a4__ig0p8__ls1p2.json,./result/fintune/runs/lif__id010__tau2__vth0p7__lr0p001__a4__ig0p8__ls1p2,lif,2.0,,,0.7,0.0,0.001,4.0,0.8,1.2,500,2,10,4096,100,2026
lif__id011__tau2p5__vth0p5__lr0p0008__a8__ig0p8__ls1,./result/fintune/configs/lif__id011__tau2p5__vth0p5__lr0p0008__a8__ig0p8__ls1.json,./result/fintune/runs/lif__id011__tau2p5__vth0p5__lr0p0008__a8__ig0p8__ls1,lif,2.5,,,0.5,0.0,0.0008,8.0,0.8,1.0,500,2,10,4096,100,2026
lif__id012__tau3__vth0p3__lr0p0008__a4__ig1p2__ls1p2,./result/fintune/configs/lif__id012__tau3__vth0p3__lr0p0008__a4__ig1p2__ls1p2.json,./result/fintune/runs/lif__id012__tau3__vth0p3__lr0p0008__a4__ig1p2__ls1p2,lif,3.0,,,0.3,0.0,0.0008,4.0,1.2,1.2,500,2,10,4096,100,2026
lif__id013__tau2p5__vth1__lr0p0005__a4__ig1__ls0p8,./result/fintune/configs/lif__id013__tau2p5__vth1__lr0p0005__a4__ig1__ls0p8.json,./result/fintune/runs/lif__id013__tau2p5__vth1__lr0p0005__a4__ig1__ls0p8,lif,2.5,,,1.0,0.0,0.0005,4.0,1.0,0.8,500,2,10,4096,100,2026
lif__id014__tau3__vth0p5__lr0p0005__a4__ig1p5__ls1,./result/fintune/configs/lif__id014__tau3__vth0p5__lr0p0005__a4__ig1p5__ls1.json,./result/fintune/runs/lif__id014__tau3__vth0p5__lr0p0005__a4__ig1p5__ls1,lif,3.0,,,0.5,0.0,0.0005,4.0,1.5,1.0,500,2,10,4096,100,2026
lif__id015__tau2__vth0p7__lr0p0008__a4__ig0p8__ls1,./result/fintune/configs/lif__id015__tau2__vth0p7__lr0p0008__a4__ig0p8__ls1.json,./result/fintune/runs/lif__id015__tau2__vth0p7__lr0p0008__a4__ig0p8__ls1,lif,2.0,,,0.7,0.0,0.0008,4.0,0.8,1.0,500,2,10,4096,100,2026
lif__id016__tau1p5__vth0p5__lr0p001__a4__ig1p2__ls1p2,./result/fintune/configs/lif__id016__tau1p5__vth0p5__lr0p001__a4__ig1p2__ls1p2.json,./result/fintune/runs/lif__id016__tau1p5__vth0p5__lr0p001__a4__ig1p2__ls1p2,lif,1.5,,,0.5,0.0,0.001,4.0,1.2,1.2,500,2,10,4096,100,2026
lif__id017__tau2p5__vth0p5__lr0p0005__a4__ig1p5__ls1p2,./result/fintune/configs/lif__id017__tau2p5__vth0p5__lr0p0005__a4__ig1p5__ls1p2.json,./result/fintune/runs/lif__id017__tau2p5__vth0p5__lr0p0005__a4__ig1p5__ls1p2,lif,2.5,,,0.5,0.0,0.0005,4.0,1.5,1.2,500,2,10,4096,100,2026
lif__id018__tau2p5__vth1__lr0p0008__a8__ig1__ls1p2,./result/fintune/configs/lif__id018__tau2p5__vth1__lr0p0008__a8__ig1__ls1p2.json,./result/fintune/runs/lif__id018__tau2p5__vth1__lr0p0008__a8__ig1__ls1p2,lif,2.5,,,1.0,0.0,0.0008,8.0,1.0,1.2,500,2,10,4096,100,2026
lif__id019__tau4__vth0p5__lr0p0005__a6__ig1p5__ls1,./result/fintune/configs/lif__id019__tau4__vth0p5__lr0p0005__a6__ig1p5__ls1.json,./result/fintune/runs/lif__id019__tau4__vth0p5__lr0p0005__a6__ig1p5__ls1,lif,4.0,,,0.5,0.0,0.0005,6.0,1.5,1.0,500,2,10,4096,100,2026
lif__id020__tau3__vth0p3__lr0p0008__a4__ig1__ls0p8,./result/fintune/configs/lif__id020__tau3__vth0p3__lr0p0008__a4__ig1__ls0p8.json,./result/fintune/runs/lif__id020__tau3__vth0p3__lr0p0008__a4__ig1__ls0p8,lif,3.0,,,0.3,0.0,0.0008,4.0,1.0,0.8,500,2,10,4096,100,2026
lif__id021__tau3__vth0p5__lr0p0005__a6__ig0p8__ls0p8,./result/fintune/configs/lif__id021__tau3__vth0p5__lr0p0005__a6__ig0p8__ls0p8.json,./result/fintune/runs/lif__id021__tau3__vth0p5__lr0p0005__a6__ig0p8__ls0p8,lif,3.0,,,0.5,0.0,0.0005,6.0,0.8,0.8,500,2,10,4096,100,2026
lif__id022__tau4__vth0p3__lr0p0008__a8__ig1p5__ls0p8,./result/fintune/configs/lif__id022__tau4__vth0p3__lr0p0008__a8__ig1p5__ls0p8.json,./result/fintune/runs/lif__id022__tau4__vth0p3__lr0p0008__a8__ig1p5__ls0p8,lif,4.0,,,0.3,0.0,0.0008,8.0,1.5,0.8,500,2,10,4096,100,2026
lif__id023__tau3__vth0p7__lr0p0005__a8__ig0p8__ls0p8,./result/fintune/configs/lif__id023__tau3__vth0p7__lr0p0005__a8__ig0p8__ls0p8.json,./result/fintune/runs/lif__id023__tau3__vth0p7__lr0p0005__a8__ig0p8__ls0p8,lif,3.0,,,0.7,0.0,0.0005,8.0,0.8,0.8,500,2,10,4096,100,2026
lif__id024__tau1p5__vth1__lr0p0008__a4__ig1__ls0p8,./result/fintune/configs/lif__id024__tau1p5__vth1__lr0p0008__a4__ig1__ls0p8.json,./result/fintune/runs/lif__id024__tau1p5__vth1__lr0p0008__a4__ig1__ls0p8,lif,1.5,,,1.0,0.0,0.0008,4.0,1.0,0.8,500,2,10,4096,100,2026
lif__id025__tau4__vth1__lr0p001__a4__ig0p8__ls0p8,./result/fintune/configs/lif__id025__tau4__vth1__lr0p001__a4__ig0p8__ls0p8.json,./result/fintune/runs/lif__id025__tau4__vth1__lr0p001__a4__ig0p8__ls0p8,lif,4.0,,,1.0,0.0,0.001,4.0,0.8,0.8,500,2,10,4096,100,2026
lif__id026__tau2__vth0p5__lr0p001__a6__ig1__ls0p8,./result/fintune/configs/lif__id026__tau2__vth0p5__lr0p001__a6__ig1__ls0p8.json,./result/fintune/runs/lif__id026__tau2__vth0p5__lr0p001__a6__ig1__ls0p8,lif,2.0,,,0.5,0.0,0.001,6.0,1.0,0.8,500,2,10,4096,100,2026
lif__id027__tau2p5__vth1__lr0p001__a4__ig1p2__ls1,./result/fintune/configs/lif__id027__tau2p5__vth1__lr0p001__a4__ig1p2__ls1.json,./result/fintune/runs/lif__id027__tau2p5__vth1__lr0p001__a4__ig1p2__ls1,lif,2.5,,,1.0,0.0,0.001,4.0,1.2,1.0,500,2,10,4096,100,2026
lif__id028__tau2__vth0p5__lr0p0005__a4__ig1p2__ls1p2,./result/fintune/configs/lif__id028__tau2__vth0p5__lr0p0005__a4__ig1p2__ls1p2.json,./result/fintune/runs/lif__id028__tau2__vth0p5__lr0p0005__a4__ig1p2__ls1p2,lif,2.0,,,0.5,0.0,0.0005,4.0,1.2,1.2,500,2,10,4096,100,2026
lif__id029__tau4__vth0p3__lr0p0005__a4__ig0p8__ls0p8,./result/fintune/configs/lif__id029__tau4__vth0p3__lr0p0005__a4__ig0p8__ls0p8.json,./result/fintune/runs/lif__id029__tau4__vth0p3__lr0p0005__a4__ig0p8__ls0p8,lif,4.0,,,0.3,0.0,0.0005,4.0,0.8,0.8,500,2,10,4096,100,2026
lif__id030__tau4__vth0p7__lr0p0005__a6__ig1p5__ls1,./result/fintune/configs/lif__id030__tau4__vth0p7__lr0p0005__a6__ig1p5__ls1.json,./result/fintune/runs/lif__id030__tau4__vth0p7__lr0p0005__a6__ig1p5__ls1,lif,4.0,,,0.7,0.0,0.0005,6.0,1.5,1.0,500,2,10,4096,100,2026
lif__id031__tau4__vth0p3__lr0p0008__a8__ig1p5__ls1,./result/fintune/configs/lif__id031__tau4__vth0p3__lr0p0008__a8__ig1p5__ls1.json,./result/fintune/runs/lif__id031__tau4__vth0p3__lr0p0008__a8__ig1p5__ls1,lif,4.0,,,0.3,0.0,0.0008,8.0,1.5,1.0,500,2,10,4096,100,2026
lif__id032__tau2p5__vth0p3__lr0p001__a6__ig0p8__ls1,./result/fintune/configs/lif__id032__tau2p5__vth0p3__lr0p001__a6__ig0p8__ls1.json,./result/fintune/runs/lif__id032__tau2p5__vth0p3__lr0p001__a6__ig0p8__ls1,lif,2.5,,,0.3,0.0,0.001,6.0,0.8,1.0,500,2,10,4096,100,2026
lif__id033__tau2__vth0p3__lr0p001__a4__ig1__ls0p8,./result/fintune/configs/lif__id033__tau2__vth0p3__lr0p001__a4__ig1__ls0p8.json,./result/fintune/runs/lif__id033__tau2__vth0p3__lr0p001__a4__ig1__ls0p8,lif,2.0,,,0.3,0.0,0.001,4.0,1.0,0.8,500,2,10,4096,100,2026
lif__id034__tau2__vth0p5__lr0p0005__a6__ig1p5__ls0p8,./result/fintune/configs/lif__id034__tau2__vth0p5__lr0p0005__a6__ig1p5__ls0p8.json,./result/fintune/runs/lif__id034__tau2__vth0p5__lr0p0005__a6__ig1p5__ls0p8,lif,2.0,,,0.5,0.0,0.0005,6.0,1.5,0.8,500,2,10,4096,100,2026
lif__id035__tau3__vth0p5__lr0p0008__a4__ig1__ls1,./result/fintune/configs/lif__id035__tau3__vth0p5__lr0p0008__a4__ig1__ls1.json,./result/fintune/runs/lif__id035__tau3__vth0p5__lr0p0008__a4__ig1__ls1,lif,3.0,,,0.5,0.0,0.0008,4.0,1.0,1.0,500,2,10,4096,100,2026
alif__id000__tau2__vth0p5__lr0p0008__a6__ig1__ls1,./result/fintune/configs/alif__id000__tau2__vth0p5__lr0p0008__a6__ig1__ls1.json,./result/fintune/runs/alif__id000__tau2__vth0p5__lr0p0008__a6__ig1__ls1,alif,2.0,,,0.5,0.0,0.0008,6.0,1.0,1.0,500,2,10,4096,100,2026
alif__id001__tau2p5__vth0p5__lr0p0005__a6__ig1p5__ls1p2,./result/fintune/configs/alif__id001__tau2p5__vth0p5__lr0p0005__a6__ig1p5__ls1p2.json,./result/fintune/runs/alif__id001__tau2p5__vth0p5__lr0p0005__a6__ig1p5__ls1p2,alif,2.5,,,0.5,0.0,0.0005,6.0,1.5,1.2,500,2,10,4096,100,2026
alif__id002__tau4__vth0p3__lr0p0005__a8__ig1p2__ls0p8,./result/fintune/configs/alif__id002__tau4__vth0p3__lr0p0005__a8__ig1p2__ls0p8.json,./result/fintune/runs/alif__id002__tau4__vth0p3__lr0p0005__a8__ig1p2__ls0p8,alif,4.0,,,0.3,0.0,0.0005,8.0,1.2,0.8,500,2,10,4096,100,2026
alif__id003__tau1p5__vth0p7__lr0p0005__a4__ig1p2__ls0p8,./result/fintune/configs/alif__id003__tau1p5__vth0p7__lr0p0005__a4__ig1p2__ls0p8.json,./result/fintune/runs/alif__id003__tau1p5__vth0p7__lr0p0005__a4__ig1p2__ls0p8,alif,1.5,,,0.7,0.0,0.0005,4.0,1.2,0.8,500,2,10,4096,100,2026
alif__id004__tau2p5__vth0p5__lr0p0005__a4__ig1p5__ls1p2,./result/fintune/configs/alif__id004__tau2p5__vth0p5__lr0p0005__a4__ig1p5__ls1p2.json,./result/fintune/runs/alif__id004__tau2p5__vth0p5__lr0p0005__a4__ig1p5__ls1p2,alif,2.5,,,0.5,0.0,0.0005,4.0,1.5,1.2,500,2,10,4096,100,2026
alif__id005__tau1p5__vth1__lr0p0008__a8__ig0p8__ls1,./result/fintune/configs/alif__id005__tau1p5__vth1__lr0p0008__a8__ig0p8__ls1.json,./result/fintune/runs/alif__id005__tau1p5__vth1__lr0p0008__a8__ig0p8__ls1,alif,1.5,,,1.0,0.0,0.0008,8.0,0.8,1.0,500,2,10,4096,100,2026
alif__id006__tau3__vth0p3__lr0p0008__a6__ig0p8__ls1,./result/fintune/configs/alif__id006__tau3__vth0p3__lr0p0008__a6__ig0p8__ls1.json,./result/fintune/runs/alif__id006__tau3__vth0p3__lr0p0008__a6__ig0p8__ls1,alif,3.0,,,0.3,0.0,0.0008,6.0,0.8,1.0,500,2,10,4096,100,2026
alif__id007__tau2__vth0p5__lr0p0008__a8__ig1__ls1p2,./result/fintune/configs/alif__id007__tau2__vth0p5__lr0p0008__a8__ig1__ls1p2.json,./result/fintune/runs/alif__id007__tau2__vth0p5__lr0p0008__a8__ig1__ls1p2,alif,2.0,,,0.5,0.0,0.0008,8.0,1.0,1.2,500,2,10,4096,100,2026
alif__id008__tau1p5__vth0p3__lr0p0005__a8__ig1p2__ls0p8,./result/fintune/configs/alif__id008__tau1p5__vth0p3__lr0p0005__a8__ig1p2__ls0p8.json,./result/fintune/runs/alif__id008__tau1p5__vth0p3__lr0p0005__a8__ig1p2__ls0p8,alif,1.5,,,0.3,0.0,0.0005,8.0,1.2,0.8,500,2,10,4096,100,2026
alif__id009__tau1p5__vth1__lr0p0005__a8__ig1__ls1p2,./result/fintune/configs/alif__id009__tau1p5__vth1__lr0p0005__a8__ig1__ls1p2.json,./result/fintune/runs/alif__id009__tau1p5__vth1__lr0p0005__a8__ig1__ls1p2,alif,1.5,,,1.0,0.0,0.0005,8.0,1.0,1.2,500,2,10,4096,100,2026
alif__id010__tau2p5__vth0p5__lr0p0008__a6__ig1p2__ls1p2,./result/fintune/configs/alif__id010__tau2p5__vth0p5__lr0p0008__a6__ig1p2__ls1p2.json,./result/fintune/runs/alif__id010__tau2p5__vth0p5__lr0p0008__a6__ig1p2__ls1p2,alif,2.5,,,0.5,0.0,0.0008,6.0,1.2,1.2,500,2,10,4096,100,2026
alif__id011__tau2__vth0p3__lr0p0008__a8__ig1__ls1,./result/fintune/configs/alif__id011__tau2__vth0p3__lr0p0008__a8__ig1__ls1.json,./result/fintune/runs/alif__id011__tau2__vth0p3__lr0p0008__a8__ig1__ls1,alif,2.0,,,0.3,0.0,0.0008,8.0,1.0,1.0,500,2,10,4096,100,2026
alif__id012__tau2p5__vth0p3__lr0p0008__a6__ig0p8__ls1,./result/fintune/configs/alif__id012__tau2p5__vth0p3__lr0p0008__a6__ig0p8__ls1.json,./result/fintune/runs/alif__id012__tau2p5__vth0p3__lr0p0008__a6__ig0p8__ls1,alif,2.5,,,0.3,0.0,0.0008,6.0,0.8,1.0,500,2,10,4096,100,2026
alif__id013__tau4__vth0p3__lr0p0008__a6__ig1p5__ls1p2,./result/fintune/configs/alif__id013__tau4__vth0p3__lr0p0008__a6__ig1p5__ls1p2.json,./result/fintune/runs/alif__id013__tau4__vth0p3__lr0p0008__a6__ig1p5__ls1p2,alif,4.0,,,0.3,0.0,0.0008,6.0,1.5,1.2,500,2,10,4096,100,2026
alif__id014__tau4__vth0p5__lr0p0008__a6__ig0p8__ls1p2,./result/fintune/configs/alif__id014__tau4__vth0p5__lr0p0008__a6__ig0p8__ls1p2.json,./result/fintune/runs/alif__id014__tau4__vth0p5__lr0p0008__a6__ig0p8__ls1p2,alif,4.0,,,0.5,0.0,0.0008,6.0,0.8,1.2,500,2,10,4096,100,2026
alif__id015__tau4__vth0p5__lr0p0005__a4__ig1p5__ls1,./result/fintune/configs/alif__id015__tau4__vth0p5__lr0p0005__a4__ig1p5__ls1.json,./result/fintune/runs/alif__id015__tau4__vth0p5__lr0p0005__a4__ig1p5__ls1,alif,4.0,,,0.5,0.0,0.0005,4.0,1.5,1.0,500,2,10,4096,100,2026
alif__id016__tau2__vth0p5__lr0p0005__a8__ig0p8__ls0p8,./result/fintune/configs/alif__id016__tau2__vth0p5__lr0p0005__a8__ig0p8__ls0p8.json,./result/fintune/runs/alif__id016__tau2__vth0p5__lr0p0005__a8__ig0p8__ls0p8,alif,2.0,,,0.5,0.0,0.0005,8.0,0.8,0.8,500,2,10,4096,100,2026
alif__id017__tau4__vth0p3__lr0p0005__a6__ig1p5__ls0p8,./result/fintune/configs/alif__id017__tau4__vth0p3__lr0p0005__a6__ig1p5__ls0p8.json,./result/fintune/runs/alif__id017__tau4__vth0p3__lr0p0005__a6__ig1p5__ls0p8,alif,4.0,,,0.3,0.0,0.0005,6.0,1.5,0.8,500,2,10,4096,100,2026
alif__id018__tau4__vth0p5__lr0p001__a4__ig1p5__ls1p2,./result/fintune/configs/alif__id018__tau4__vth0p5__lr0p001__a4__ig1p5__ls1p2.json,./result/fintune/runs/alif__id018__tau4__vth0p5__lr0p001__a4__ig1p5__ls1p2,alif,4.0,,,0.5,0.0,0.001,4.0,1.5,1.2,500,2,10,4096,100,2026
alif__id019__tau1p5__vth0p3__lr0p001__a8__ig1__ls1p2,./result/fintune/configs/alif__id019__tau1p5__vth0p3__lr0p001__a8__ig1__ls1p2.json,./result/fintune/runs/alif__id019__tau1p5__vth0p3__lr0p001__a8__ig1__ls1p2,alif,1.5,,,0.3,0.0,0.001,8.0,1.0,1.2,500,2,10,4096,100,2026
alif__id020__tau3__vth0p7__lr0p001__a8__ig0p8__ls1,./result/fintune/configs/alif__id020__tau3__vth0p7__lr0p001__a8__ig0p8__ls1.json,./result/fintune/runs/alif__id020__tau3__vth0p7__lr0p001__a8__ig0p8__ls1,alif,3.0,,,0.7,0.0,0.001,8.0,0.8,1.0,500,2,10,4096,100,2026
alif__id021__tau4__vth0p7__lr0p001__a8__ig1__ls1,./result/fintune/configs/alif__id021__tau4__vth0p7__lr0p001__a8__ig1__ls1.json,./result/fintune/runs/alif__id021__tau4__vth0p7__lr0p001__a8__ig1__ls1,alif,4.0,,,0.7,0.0,0.001,8.0,1.0,1.0,500,2,10,4096,100,2026
alif__id022__tau2__vth0p3__lr0p0008__a4__ig1p5__ls1p2,./result/fintune/configs/alif__id022__tau2__vth0p3__lr0p0008__a4__ig1p5__ls1p2.json,./result/fintune/runs/alif__id022__tau2__vth0p3__lr0p0008__a4__ig1p5__ls1p2,alif,2.0,,,0.3,0.0,0.0008,4.0,1.5,1.2,500,2,10,4096,100,2026
alif__id023__tau4__vth0p3__lr0p0005__a6__ig1__ls0p8,./result/fintune/configs/alif__id023__tau4__vth0p3__lr0p0005__a6__ig1__ls0p8.json,./result/fintune/runs/alif__id023__tau4__vth0p3__lr0p0005__a6__ig1__ls0p8,alif,4.0,,,0.3,0.0,0.0005,6.0,1.0,0.8,500,2,10,4096,100,2026
alif__id024__tau3__vth1__lr0p0008__a6__ig1p5__ls1p2,./result/fintune/configs/alif__id024__tau3__vth1__lr0p0008__a6__ig1p5__ls1p2.json,./result/fintune/runs/alif__id024__tau3__vth1__lr0p0008__a6__ig1p5__ls1p2,alif,3.0,,,1.0,0.0,0.0008,6.0,1.5,1.2,500,2,10,4096,100,2026
alif__id025__tau2__vth0p5__lr0p001__a4__ig0p8__ls1,./result/fintune/configs/alif__id025__tau2__vth0p5__lr0p001__a4__ig0p8__ls1.json,./result/fintune/runs/alif__id025__tau2__vth0p5__lr0p001__a4__ig0p8__ls1,alif,2.0,,,0.5,0.0,0.001,4.0,0.8,1.0,500,2,10,4096,100,2026
alif__id026__tau3__vth0p3__lr0p0008__a4__ig1p2__ls0p8,./result/fintune/configs/alif__id026__tau3__vth0p3__lr0p0008__a4__ig1p2__ls0p8.json,./result/fintune/runs/alif__id026__tau3__vth0p3__lr0p0008__a4__ig1p2__ls0p8,alif,3.0,,,0.3,0.0,0.0008,4.0,1.2,0.8,500,2,10,4096,100,2026
alif__id027__tau3__vth1__lr0p001__a4__ig0p8__ls1,./result/fintune/configs/alif__id027__tau3__vth1__lr0p001__a4__ig0p8__ls1.json,./result/fintune/runs/alif__id027__tau3__vth1__lr0p001__a4__ig0p8__ls1,alif,3.0,,,1.0,0.0,0.001,4.0,0.8,1.0,500,2,10,4096,100,2026
alif__id028__tau2__vth0p7__lr0p0008__a8__ig1p2__ls1p2,./result/fintune/configs/alif__id028__tau2__vth0p7__lr0p0008__a8__ig1p2__ls1p2.json,./result/fintune/runs/alif__id028__tau2__vth0p7__lr0p0008__a8__ig1p2__ls1p2,alif,2.0,,,0.7,0.0,0.0008,8.0,1.2,1.2,500,2,10,4096,100,2026
alif__id029__tau2p5__vth0p7__lr0p0008__a8__ig1p2__ls1,./result/fintune/configs/alif__id029__tau2p5__vth0p7__lr0p0008__a8__ig1p2__ls1.json,./result/fintune/runs/alif__id029__tau2p5__vth0p7__lr0p0008__a8__ig1p2__ls1,alif,2.5,,,0.7,0.0,0.0008,8.0,1.2,1.0,500,2,10,4096,100,2026
alif__id030__tau1p5__vth0p3__lr0p0005__a4__ig1p5__ls1,./result/fintune/configs/alif__id030__tau1p5__vth0p3__lr0p0005__a4__ig1p5__ls1.json,./result/fintune/runs/alif__id030__tau1p5__vth0p3__lr0p0005__a4__ig1p5__ls1,alif,1.5,,,0.3,0.0,0.0005,4.0,1.5,1.0,500,2,10,4096,100,2026
alif__id031__tau2p5__vth1__lr0p0008__a4__ig0p8__ls1,./result/fintune/configs/alif__id031__tau2p5__vth1__lr0p0008__a4__ig0p8__ls1.json,./result/fintune/runs/alif__id031__tau2p5__vth1__lr0p0008__a4__ig0p8__ls1,alif,2.5,,,1.0,0.0,0.0008,4.0,0.8,1.0,500,2,10,4096,100,2026
alif__id032__tau2p5__vth1__lr0p001__a8__ig0p8__ls0p8,./result/fintune/configs/alif__id032__tau2p5__vth1__lr0p001__a8__ig0p8__ls0p8.json,./result/fintune/runs/alif__id032__tau2p5__vth1__lr0p001__a8__ig0p8__ls0p8,alif,2.5,,,1.0,0.0,0.001,8.0,0.8,0.8,500,2,10,4096,100,2026
alif__id033__tau4__vth0p7__lr0p0008__a8__ig1__ls1p2,./result/fintune/configs/alif__id033__tau4__vth0p7__lr0p0008__a8__ig1__ls1p2.json,./result/fintune/runs/alif__id033__tau4__vth0p7__lr0p0008__a8__ig1__ls1p2,alif,4.0,,,0.7,0.0,0.0008,8.0,1.0,1.2,500,2,10,4096,100,2026
alif__id034__tau4__vth0p5__lr0p0005__a6__ig1__ls1,./result/fintune/configs/alif__id034__tau4__vth0p5__lr0p0005__a6__ig1__ls1.json,./result/fintune/runs/alif__id034__tau4__vth0p5__lr0p0005__a6__ig1__ls1,alif,4.0,,,0.5,0.0,0.0005,6.0,1.0,1.0,500,2,10,4096,100,2026
alif__id035__tau1p5__vth0p7__lr0p001__a6__ig0p8__ls1p2,./result/fintune/configs/alif__id035__tau1p5__vth0p7__lr0p001__a6__ig0p8__ls1p2.json,./result/fintune/runs/alif__id035__tau1p5__vth0p7__lr0p001__a6__ig0p8__ls1p2,alif,1.5,,,0.7,0.0,0.001,6.0,0.8,1.2,500,2,10,4096,100,2026
srm__id000__tr2__trefr10__vth0p5__lr0p0008__a6__ig1__ls1,./result/fintune/configs/srm__id000__tr2__trefr10__vth0p5__lr0p0008__a6__ig1__ls1.json,./result/fintune/runs/srm__id000__tr2__trefr10__vth0p5__lr0p0008__a6__ig1__ls1,srm,,2.0,10.0,0.5,0.0,0.0008,6.0,1.0,1.0,500,2,10,4096,100,2026
srm__id001__tr1p5__trefr8__vth0p7__lr0p001__a4__ig1__ls0p8,./result/fintune/configs/srm__id001__tr1p5__trefr8__vth0p7__lr0p001__a4__ig1__ls0p8.json,./result/fintune/runs/srm__id001__tr1p5__trefr8__vth0p7__lr0p001__a4__ig1__ls0p8,srm,,1.5,8.0,0.7,0.0,0.001,4.0,1.0,0.8,500,2,10,4096,100,2026
srm__id002__tr2p5__trefr8__vth1__lr0p0005__a4__ig1p5__ls1p2,./result/fintune/configs/srm__id002__tr2p5__trefr8__vth1__lr0p0005__a4__ig1p5__ls1p2.json,./result/fintune/runs/srm__id002__tr2p5__trefr8__vth1__lr0p0005__a4__ig1p5__ls1p2,srm,,2.5,8.0,1.0,0.0,0.0005,4.0,1.5,1.2,500,2,10,4096,100,2026
srm__id003__tr4__trefr16__vth0p5__lr0p001__a8__ig0p8__ls1p2,./result/fintune/configs/srm__id003__tr4__trefr16__vth0p5__lr0p001__a8__ig0p8__ls1p2.json,./result/fintune/runs/srm__id003__tr4__trefr16__vth0p5__lr0p001__a8__ig0p8__ls1p2,srm,,4.0,16.0,0.5,0.0,0.001,8.0,0.8,1.2,500,2,10,4096,100,2026
srm__id004__tr2__trefr12__vth0p3__lr0p0008__a8__ig1p2__ls1,./result/fintune/configs/srm__id004__tr2__trefr12__vth0p3__lr0p0008__a8__ig1p2__ls1.json,./result/fintune/runs/srm__id004__tr2__trefr12__vth0p3__lr0p0008__a8__ig1p2__ls1,srm,,2.0,12.0,0.3,0.0,0.0008,8.0,1.2,1.0,500,2,10,4096,100,2026
srm__id005__tr1p5__trefr8__vth0p7__lr0p0005__a8__ig1__ls0p8,./result/fintune/configs/srm__id005__tr1p5__trefr8__vth0p7__lr0p0005__a8__ig1__ls0p8.json,./result/fintune/runs/srm__id005__tr1p5__trefr8__vth0p7__lr0p0005__a8__ig1__ls0p8,srm,,1.5,8.0,0.7,0.0,0.0005,8.0,1.0,0.8,500,2,10,4096,100,2026
srm__id006__tr3__trefr12__vth0p7__lr0p0005__a4__ig0p8__ls1,./result/fintune/configs/srm__id006__tr3__trefr12__vth0p7__lr0p0005__a4__ig0p8__ls1.json,./result/fintune/runs/srm__id006__tr3__trefr12__vth0p7__lr0p0005__a4__ig0p8__ls1,srm,,3.0,12.0,0.7,0.0,0.0005,4.0,0.8,1.0,500,2,10,4096,100,2026
srm__id007__tr2p5__trefr10__vth0p5__lr0p001__a8__ig1p5__ls1,./result/fintune/configs/srm__id007__tr2p5__trefr10__vth0p5__lr0p001__a8__ig1p5__ls1.json,./result/fintune/runs/srm__id007__tr2p5__trefr10__vth0p5__lr0p001__a8__ig1p5__ls1,srm,,2.5,10.0,0.5,0.0,0.001,8.0,1.5,1.0,500,2,10,4096,100,2026
srm__id008__tr2p5__trefr6__vth1__lr0p001__a8__ig0p8__ls0p8,./result/fintune/configs/srm__id008__tr2p5__trefr6__vth1__lr0p001__a8__ig0p8__ls0p8.json,./result/fintune/runs/srm__id008__tr2p5__trefr6__vth1__lr0p001__a8__ig0p8__ls0p8,srm,,2.5,6.0,1.0,0.0,0.001,8.0,0.8,0.8,500,2,10,4096,100,2026
srm__id009__tr2p5__trefr8__vth0p3__lr0p001__a4__ig0p8__ls1p2,./result/fintune/configs/srm__id009__tr2p5__trefr8__vth0p3__lr0p001__a4__ig0p8__ls1p2.json,./result/fintune/runs/srm__id009__tr2p5__trefr8__vth0p3__lr0p001__a4__ig0p8__ls1p2,srm,,2.5,8.0,0.3,0.0,0.001,4.0,0.8,1.2,500,2,10,4096,100,2026
srm__id010__tr2__trefr12__vth0p5__lr0p0008__a4__ig1p2__ls1,./result/fintune/configs/srm__id010__tr2__trefr12__vth0p5__lr0p0008__a4__ig1p2__ls1.json,./result/fintune/runs/srm__id010__tr2__trefr12__vth0p5__lr0p0008__a4__ig1p2__ls1,srm,,2.0,12.0,0.5,0.0,0.0008,4.0,1.2,1.0,500,2,10,4096,100,2026
srm__id011__tr4__trefr16__vth0p5__lr0p001__a6__ig1p5__ls1,./result/fintune/configs/srm__id011__tr4__trefr16__vth0p5__lr0p001__a6__ig1p5__ls1.json,./result/fintune/runs/srm__id011__tr4__trefr16__vth0p5__lr0p001__a6__ig1p5__ls1,srm,,4.0,16.0,0.5,0.0,0.001,6.0,1.5,1.0,500,2,10,4096,100,2026
srm__id012__tr2__trefr12__vth1__lr0p001__a6__ig1p5__ls1p2,./result/fintune/configs/srm__id012__tr2__trefr12__vth1__lr0p001__a6__ig1p5__ls1p2.json,./result/fintune/runs/srm__id012__tr2__trefr12__vth1__lr0p001__a6__ig1p5__ls1p2,srm,,2.0,12.0,1.0,0.0,0.001,6.0,1.5,1.2,500,2,10,4096,100,2026
srm__id013__tr3__trefr10__vth1__lr0p0005__a8__ig1p5__ls1,./result/fintune/configs/srm__id013__tr3__trefr10__vth1__lr0p0005__a8__ig1p5__ls1.json,./result/fintune/runs/srm__id013__tr3__trefr10__vth1__lr0p0005__a8__ig1p5__ls1,srm,,3.0,10.0,1.0,0.0,0.0005,8.0,1.5,1.0,500,2,10,4096,100,2026
srm__id014__tr2__trefr10__vth1__lr0p0005__a4__ig1p2__ls1p2,./result/fintune/configs/srm__id014__tr2__trefr10__vth1__lr0p0005__a4__ig1p2__ls1p2.json,./result/fintune/runs/srm__id014__tr2__trefr10__vth1__lr0p0005__a4__ig1p2__ls1p2,srm,,2.0,10.0,1.0,0.0,0.0005,4.0,1.2,1.2,500,2,10,4096,100,2026
srm__id015__tr4__trefr8__vth0p3__lr0p0005__a4__ig0p8__ls1p2,./result/fintune/configs/srm__id015__tr4__trefr8__vth0p3__lr0p0005__a4__ig0p8__ls1p2.json,./result/fintune/runs/srm__id015__tr4__trefr8__vth0p3__lr0p0005__a4__ig0p8__ls1p2,srm,,4.0,8.0,0.3,0.0,0.0005,4.0,0.8,1.2,500,2,10,4096,100,2026
srm__id016__tr1p5__trefr16__vth0p5__lr0p0005__a8__ig0p8__ls0p8,./result/fintune/configs/srm__id016__tr1p5__trefr16__vth0p5__lr0p0005__a8__ig0p8__ls0p8.json,./result/fintune/runs/srm__id016__tr1p5__trefr16__vth0p5__lr0p0005__a8__ig0p8__ls0p8,srm,,1.5,16.0,0.5,0.0,0.0005,8.0,0.8,0.8,500,2,10,4096,100,2026
srm__id017__tr2p5__trefr10__vth1__lr0p0008__a4__ig0p8__ls1,./result/fintune/configs/srm__id017__tr2p5__trefr10__vth1__lr0p0008__a4__ig0p8__ls1.json,./result/fintune/runs/srm__id017__tr2p5__trefr10__vth1__lr0p0008__a4__ig0p8__ls1,srm,,2.5,10.0,1.0,0.0,0.0008,4.0,0.8,1.0,500,2,10,4096,100,2026
srm__id018__tr3__trefr6__vth1__lr0p001__a4__ig1p2__ls1,./result/fintune/configs/srm__id018__tr3__trefr6__vth1__lr0p001__a4__ig1p2__ls1.json,./result/fintune/runs/srm__id018__tr3__trefr6__vth1__lr0p001__a4__ig1p2__ls1,srm,,3.0,6.0,1.0,0.0,0.001,4.0,1.2,1.0,500,2,10,4096,100,2026
srm__id019__tr2p5__trefr8__vth0p7__lr0p0008__a8__ig1p5__ls1,./result/fintune/configs/srm__id019__tr2p5__trefr8__vth0p7__lr0p0008__a8__ig1p5__ls1.json,./result/fintune/runs/srm__id019__tr2p5__trefr8__vth0p7__lr0p0008__a8__ig1p5__ls1,srm,,2.5,8.0,0.7,0.0,0.0008,8.0,1.5,1.0,500,2,10,4096,100,2026
srm__id020__tr2__trefr6__vth0p7__lr0p0008__a8__ig1__ls1,./result/fintune/configs/srm__id020__tr2__trefr6__vth0p7__lr0p0008__a8__ig1__ls1.json,./result/fintune/runs/srm__id020__tr2__trefr6__vth0p7__lr0p0008__a8__ig1__ls1,srm,,2.0,6.0,0.7,0.0,0.0008,8.0,1.0,1.0,500,2,10,4096,100,2026
srm__id021__tr4__trefr8__vth1__lr0p0008__a4__ig1p2__ls1,./result/fintune/configs/srm__id021__tr4__trefr8__vth1__lr0p0008__a4__ig1p2__ls1.json,./result/fintune/runs/srm__id021__tr4__trefr8__vth1__lr0p0008__a4__ig1p2__ls1,srm,,4.0,8.0,1.0,0.0,0.0008,4.0,1.2,1.0,500,2,10,4096,100,2026
srm__id022__tr3__trefr6__vth1__lr0p0005__a8__ig1p2__ls1,./result/fintune/configs/srm__id022__tr3__trefr6__vth1__lr0p0005__a8__ig1p2__ls1.json,./result/fintune/runs/srm__id022__tr3__trefr6__vth1__lr0p0005__a8__ig1p2__ls1,srm,,3.0,6.0,1.0,0.0,0.0005,8.0,1.2,1.0,500,2,10,4096,100,2026
srm__id023__tr2p5__trefr16__vth1__lr0p0005__a6__ig1__ls1,./result/fintune/configs/srm__id023__tr2p5__trefr16__vth1__lr0p0005__a6__ig1__ls1.json,./result/fintune/runs/srm__id023__tr2p5__trefr16__vth1__lr0p0005__a6__ig1__ls1,srm,,2.5,16.0,1.0,0.0,0.0005,6.0,1.0,1.0,500,2,10,4096,100,2026
srm__id024__tr1p5__trefr10__vth0p5__lr0p001__a8__ig1p5__ls1,./result/fintune/configs/srm__id024__tr1p5__trefr10__vth0p5__lr0p001__a8__ig1p5__ls1.json,./result/fintune/runs/srm__id024__tr1p5__trefr10__vth0p5__lr0p001__a8__ig1p5__ls1,srm,,1.5,10.0,0.5,0.0,0.001,8.0,1.5,1.0,500,2,10,4096,100,2026
srm__id025__tr3__trefr10__vth0p5__lr0p001__a6__ig1p5__ls1p2,./result/fintune/configs/srm__id025__tr3__trefr10__vth0p5__lr0p001__a6__ig1p5__ls1p2.json,./result/fintune/runs/srm__id025__tr3__trefr10__vth0p5__lr0p001__a6__ig1p5__ls1p2,srm,,3.0,10.0,0.5,0.0,0.001,6.0,1.5,1.2,500,2,10,4096,100,2026
srm__id026__tr4__trefr6__vth0p3__lr0p0005__a6__ig0p8__ls0p8,./result/fintune/configs/srm__id026__tr4__trefr6__vth0p3__lr0p0005__a6__ig0p8__ls0p8.json,./result/fintune/runs/srm__id026__tr4__trefr6__vth0p3__lr0p0005__a6__ig0p8__ls0p8,srm,,4.0,6.0,0.3,0.0,0.0005,6.0,0.8,0.8,500,2,10,4096,100,2026
srm__id027__tr2__trefr10__vth0p5__lr0p0008__a6__ig1p5__ls1,./result/fintune/configs/srm__id027__tr2__trefr10__vth0p5__lr0p0008__a6__ig1p5__ls1.json,./result/fintune/runs/srm__id027__tr2__trefr10__vth0p5__lr0p0008__a6__ig1p5__ls1,srm,,2.0,10.0,0.5,0.0,0.0008,6.0,1.5,1.0,500,2,10,4096,100,2026
srm__id028__tr4__trefr8__vth0p5__lr0p0005__a6__ig1p2__ls1p2,./result/fintune/configs/srm__id028__tr4__trefr8__vth0p5__lr0p0005__a6__ig1p2__ls1p2.json,./result/fintune/runs/srm__id028__tr4__trefr8__vth0p5__lr0p0005__a6__ig1p2__ls1p2,srm,,4.0,8.0,0.5,0.0,0.0005,6.0,1.2,1.2,500,2,10,4096,100,2026
srm__id029__tr4__trefr10__vth0p7__lr0p001__a6__ig1p5__ls1,./result/fintune/configs/srm__id029__tr4__trefr10__vth0p7__lr0p001__a6__ig1p5__ls1.json,./result/fintune/runs/srm__id029__tr4__trefr10__vth0p7__lr0p001__a6__ig1p5__ls1,srm,,4.0,10.0,0.7,0.0,0.001,6.0,1.5,1.0,500,2,10,4096,100,2026
srm__id030__tr3__trefr6__vth1__lr0p001__a6__ig1__ls0p8,./result/fintune/configs/srm__id030__tr3__trefr6__vth1__lr0p001__a6__ig1__ls0p8.json,./result/fintune/runs/srm__id030__tr3__trefr6__vth1__lr0p001__a6__ig1__ls0p8,srm,,3.0,6.0,1.0,0.0,0.001,6.0,1.0,0.8,500,2,10,4096,100,2026
srm__id031__tr4__trefr8__vth0p7__lr0p0008__a8__ig1__ls0p8,./result/fintune/configs/srm__id031__tr4__trefr8__vth0p7__lr0p0008__a8__ig1__ls0p8.json,./result/fintune/runs/srm__id031__tr4__trefr8__vth0p7__lr0p0008__a8__ig1__ls0p8,srm,,4.0,8.0,0.7,0.0,0.0008,8.0,1.0,0.8,500,2,10,4096,100,2026
srm__id032__tr4__trefr6__vth0p7__lr0p0005__a6__ig1p2__ls1,./result/fintune/configs/srm__id032__tr4__trefr6__vth0p7__lr0p0005__a6__ig1p2__ls1.json,./result/fintune/runs/srm__id032__tr4__trefr6__vth0p7__lr0p0005__a6__ig1p2__ls1,srm,,4.0,6.0,0.7,0.0,0.0005,6.0,1.2,1.0,500,2,10,4096,100,2026
srm__id033__tr1p5__trefr16__vth0p7__lr0p001__a4__ig1p5__ls1,./result/fintune/configs/srm__id033__tr1p5__trefr16__vth0p7__lr0p001__a4__ig1p5__ls1.json,./result/fintune/runs/srm__id033__tr1p5__trefr16__vth0p7__lr0p001__a4__ig1p5__ls1,srm,,1.5,16.0,0.7,0.0,0.001,4.0,1.5,1.0,500,2,10,4096,100,2026
srm__id034__tr2p5__trefr12__vth0p5__lr0p0008__a6__ig1p2__ls1,./result/fintune/configs/srm__id034__tr2p5__trefr12__vth0p5__lr0p0008__a6__ig1p2__ls1.json,./result/fintune/runs/srm__id034__tr2p5__trefr12__vth0p5__lr0p0008__a6__ig1p2__ls1,srm,,2.5,12.0,0.5,0.0,0.0008,6.0,1.2,1.0,500,2,10,4096,100,2026
srm__id035__tr4__trefr10__vth0p7__lr0p0005__a6__ig1__ls0p8,./result/fintune/configs/srm__id035__tr4__trefr10__vth0p7__lr0p0005__a6__ig1__ls0p8.json,./result/fintune/runs/srm__id035__tr4__trefr10__vth0p7__lr0p0005__a6__ig1__ls0p8,srm,,4.0,10.0,0.7,0.0,0.0005,6.0,1.0,0.8,500,2,10,4096,100,2026
srm__id036__tr3__trefr6__vth0p5__lr0p0008__a6__ig1__ls0p8,./result/fintune/configs/srm__id036__tr3__trefr6__vth0p5__lr0p0008__a6__ig1__ls0p8.json,./result/fintune/runs/srm__id036__tr3__trefr6__vth0p5__lr0p0008__a6__ig1__ls0p8,srm,,3.0,6.0,0.5,0.0,0.0008,6.0,1.0,0.8,500,2,10,4096,100,2026
srm__id037__tr3__trefr10__vth1__lr0p0008__a6__ig0p8__ls0p8,./result/fintune/configs/srm__id037__tr3__trefr10__vth1__lr0p0008__a6__ig0p8__ls0p8.json,./result/fintune/runs/srm__id037__tr3__trefr10__vth1__lr0p0008__a6__ig0p8__ls0p8,srm,,3.0,10.0,1.0,0.0,0.0008,6.0,0.8,0.8,500,2,10,4096,100,2026
srm__id038__tr4__trefr10__vth0p7__lr0p0005__a4__ig1__ls0p8,./result/fintune/configs/srm__id038__tr4__trefr10__vth0p7__lr0p0005__a4__ig1__ls0p8.json,./result/fintune/runs/srm__id038__tr4__trefr10__vth0p7__lr0p0005__a4__ig1__ls0p8,srm,,4.0,10.0,0.7,0.0,0.0005,4.0,1.0,0.8,500,2,10,4096,100,2026
srm__id039__tr1p5__trefr10__vth0p7__lr0p0008__a8__ig0p8__ls1,./result/fintune/configs/srm__id039__tr1p5__trefr10__vth0p7__lr0p0008__a8__ig0p8__ls1.json,./result/fintune/runs/srm__id039__tr1p5__trefr10__vth0p7__lr0p0008__a8__ig0p8__ls1,srm,,1.5,10.0,0.7,0.0,0.0008,8.0,0.8,1.0,500,2,10,4096,100,2026
srm__id040__tr2p5__trefr16__vth0p5__lr0p001__a4__ig1p2__ls1,./result/fintune/configs/srm__id040__tr2p5__trefr16__vth0p5__lr0p001__a4__ig1p2__ls1.json,./result/fintune/runs/srm__id040__tr2p5__trefr16__vth0p5__lr0p001__a4__ig1p2__ls1,srm,,2.5,16.0,0.5,0.0,0.001,4.0,1.2,1.0,500,2,10,4096,100,2026
srm__id041__tr1p5__trefr10__vth0p7__lr0p001__a6__ig0p8__ls1p2,./result/fintune/configs/srm__id041__tr1p5__trefr10__vth0p7__lr0p001__a6__ig0p8__ls1p2.json,./result/fintune/runs/srm__id041__tr1p5__trefr10__vth0p7__lr0p001__a6__ig0p8__ls1p2,srm,,1.5,10.0,0.7,0.0,0.001,6.0,0.8,1.2,500,2,10,4096,100,2026
srm__id042__tr2__trefr10__vth1__lr0p0005__a6__ig1__ls1,./result/fintune/configs/srm__id042__tr2__trefr10__vth1__lr0p0005__a6__ig1__ls1.json,./result/fintune/runs/srm__id042__tr2__trefr10__vth1__lr0p0005__a6__ig1__ls1,srm,,2.0,10.0,1.0,0.0,0.0005,6.0,1.0,1.0,500,2,10,4096,100,2026
srm__id043__tr1p5__trefr8__vth0p3__lr0p001__a6__ig0p8__ls0p8,./result/fintune/configs/srm__id043__tr1p5__trefr8__vth0p3__lr0p001__a6__ig0p8__ls0p8.json,./result/fintune/runs/srm__id043__tr1p5__trefr8__vth0p3__lr0p001__a6__ig0p8__ls0p8,srm,,1.5,8.0,0.3,0.0,0.001,6.0,0.8,0.8,500,2,10,4096,100,2026
srm__id044__tr3__trefr8__vth1__lr0p0005__a4__ig0p8__ls1p2,./result/fintune/configs/srm__id044__tr3__trefr8__vth1__lr0p0005__a4__ig0p8__ls1p2.json,./result/fintune/runs/srm__id044__tr3__trefr8__vth1__lr0p0005__a4__ig0p8__ls1p2,srm,,3.0,8.0,1.0,0.0,0.0005,4.0,0.8,1.2,500,2,10,4096,100,2026
srm__id045__tr4__trefr6__vth0p7__lr0p0008__a4__ig1p2__ls1p2,./result/fintune/configs/srm__id045__tr4__trefr6__vth0p7__lr0p0008__a4__ig1p2__ls1p2.json,./result/fintune/runs/srm__id045__tr4__trefr6__vth0p7__lr0p0008__a4__ig1p2__ls1p2,srm,,4.0,6.0,0.7,0.0,0.0008,4.0,1.2,1.2,500,2,10,4096,100,2026
srm__id046__tr4__trefr12__vth0p3__lr0p001__a8__ig1p2__ls1,./result/fintune/configs/srm__id046__tr4__trefr12__vth0p3__lr0p001__a8__ig1p2__ls1.json,./result/fintune/runs/srm__id046__tr4__trefr12__vth0p3__lr0p001__a8__ig1p2__ls1,srm,,4.0,12.0,0.3,0.0,0.001,8.0,1.2,1.0,500,2,10,4096,100,2026
srm__id047__tr2p5__trefr16__vth0p3__lr0p0008__a4__ig1p2__ls1,./result/fintune/configs/srm__id047__tr2p5__trefr16__vth0p3__lr0p0008__a4__ig1p2__ls1.json,./result/fintune/runs/srm__id047__tr2p5__trefr16__vth0p3__lr0p0008__a4__ig1p2__ls1,srm,,2.5,16.0,0.3,0.0,0.0008,4.0,1.2,1.0,500,2,10,4096,100,2026
dynsrm__id000__tr2__trefr10__vth0p5__lr0p0008__a6__ig1__ls1,./result/fintune/configs/dynsrm__id000__tr2__trefr10__vth0p5__lr0p0008__a6__ig1__ls1.json,./result/fintune/runs/dynsrm__id000__tr2__trefr10__vth0p5__lr0p0008__a6__ig1__ls1,dynsrm,,2.0,10.0,0.5,0.0,0.0008,6.0,1.0,1.0,500,2,10,4096,100,2026
dynsrm__id001__tr4__trefr6__vth0p3__lr0p0005__a8__ig0p8__ls1p2,./result/fintune/configs/dynsrm__id001__tr4__trefr6__vth0p3__lr0p0005__a8__ig0p8__ls1p2.json,./result/fintune/runs/dynsrm__id001__tr4__trefr6__vth0p3__lr0p0005__a8__ig0p8__ls1p2,dynsrm,,4.0,6.0,0.3,0.0,0.0005,8.0,0.8,1.2,500,2,10,4096,100,2026
dynsrm__id002__tr2p5__trefr12__vth1__lr0p001__a8__ig1p5__ls1p2,./result/fintune/configs/dynsrm__id002__tr2p5__trefr12__vth1__lr0p001__a8__ig1p5__ls1p2.json,./result/fintune/runs/dynsrm__id002__tr2p5__trefr12__vth1__lr0p001__a8__ig1p5__ls1p2,dynsrm,,2.5,12.0,1.0,0.0,0.001,8.0,1.5,1.2,500,2,10,4096,100,2026
dynsrm__id003__tr2p5__trefr6__vth0p7__lr0p0008__a4__ig1__ls0p8,./result/fintune/configs/dynsrm__id003__tr2p5__trefr6__vth0p7__lr0p0008__a4__ig1__ls0p8.json,./result/fintune/runs/dynsrm__id003__tr2p5__trefr6__vth0p7__lr0p0008__a4__ig1__ls0p8,dynsrm,,2.5,6.0,0.7,0.0,0.0008,4.0,1.0,0.8,500,2,10,4096,100,2026
dynsrm__id004__tr2__trefr10__vth0p7__lr0p0005__a4__ig1p2__ls1p2,./result/fintune/configs/dynsrm__id004__tr2__trefr10__vth0p7__lr0p0005__a4__ig1p2__ls1p2.json,./result/fintune/runs/dynsrm__id004__tr2__trefr10__vth0p7__lr0p0005__a4__ig1p2__ls1p2,dynsrm,,2.0,10.0,0.7,0.0,0.0005,4.0,1.2,1.2,500,2,10,4096,100,2026
dynsrm__id005__tr2__trefr16__vth0p7__lr0p0005__a8__ig1p2__ls0p8,./result/fintune/configs/dynsrm__id005__tr2__trefr16__vth0p7__lr0p0005__a8__ig1p2__ls0p8.json,./result/fintune/runs/dynsrm__id005__tr2__trefr16__vth0p7__lr0p0005__a8__ig1p2__ls0p8,dynsrm,,2.0,16.0,0.7,0.0,0.0005,8.0,1.2,0.8,500,2,10,4096,100,2026
dynsrm__id006__tr4__trefr6__vth1__lr0p001__a8__ig1p2__ls1,./result/fintune/configs/dynsrm__id006__tr4__trefr6__vth1__lr0p001__a8__ig1p2__ls1.json,./result/fintune/runs/dynsrm__id006__tr4__trefr6__vth1__lr0p001__a8__ig1p2__ls1,dynsrm,,4.0,6.0,1.0,0.0,0.001,8.0,1.2,1.0,500,2,10,4096,100,2026
dynsrm__id007__tr1p5__trefr16__vth1__lr0p001__a6__ig0p8__ls1,./result/fintune/configs/dynsrm__id007__tr1p5__trefr16__vth1__lr0p001__a6__ig0p8__ls1.json,./result/fintune/runs/dynsrm__id007__tr1p5__trefr16__vth1__lr0p001__a6__ig0p8__ls1,dynsrm,,1.5,16.0,1.0,0.0,0.001,6.0,0.8,1.0,500,2,10,4096,100,2026
dynsrm__id008__tr2p5__trefr10__vth1__lr0p001__a4__ig1p2__ls1,./result/fintune/configs/dynsrm__id008__tr2p5__trefr10__vth1__lr0p001__a4__ig1p2__ls1.json,./result/fintune/runs/dynsrm__id008__tr2p5__trefr10__vth1__lr0p001__a4__ig1p2__ls1,dynsrm,,2.5,10.0,1.0,0.0,0.001,4.0,1.2,1.0,500,2,10,4096,100,2026
dynsrm__id009__tr2p5__trefr10__vth0p5__lr0p0008__a4__ig1p5__ls1,./result/fintune/configs/dynsrm__id009__tr2p5__trefr10__vth0p5__lr0p0008__a4__ig1p5__ls1.json,./result/fintune/runs/dynsrm__id009__tr2p5__trefr10__vth0p5__lr0p0008__a4__ig1p5__ls1,dynsrm,,2.5,10.0,0.5,0.0,0.0008,4.0,1.5,1.0,500,2,10,4096,100,2026
dynsrm__id010__tr2p5__trefr12__vth1__lr0p0005__a8__ig1p5__ls0p8,./result/fintune/configs/dynsrm__id010__tr2p5__trefr12__vth1__lr0p0005__a8__ig1p5__ls0p8.json,./result/fintune/runs/dynsrm__id010__tr2p5__trefr12__vth1__lr0p0005__a8__ig1p5__ls0p8,dynsrm,,2.5,12.0,1.0,0.0,0.0005,8.0,1.5,0.8,500,2,10,4096,100,2026
dynsrm__id011__tr2__trefr6__vth1__lr0p0008__a6__ig1__ls1p2,./result/fintune/configs/dynsrm__id011__tr2__trefr6__vth1__lr0p0008__a6__ig1__ls1p2.json,./result/fintune/runs/dynsrm__id011__tr2__trefr6__vth1__lr0p0008__a6__ig1__ls1p2,dynsrm,,2.0,6.0,1.0,0.0,0.0008,6.0,1.0,1.2,500,2,10,4096,100,2026
dynsrm__id012__tr1p5__trefr16__vth0p5__lr0p0008__a6__ig1p2__ls1p2,./result/fintune/configs/dynsrm__id012__tr1p5__trefr16__vth0p5__lr0p0008__a6__ig1p2__ls1p2.json,./result/fintune/runs/dynsrm__id012__tr1p5__trefr16__vth0p5__lr0p0008__a6__ig1p2__ls1p2,dynsrm,,1.5,16.0,0.5,0.0,0.0008,6.0,1.2,1.2,500,2,10,4096,100,2026
dynsrm__id013__tr2p5__trefr10__vth0p5__lr0p0005__a4__ig1__ls0p8,./result/fintune/configs/dynsrm__id013__tr2p5__trefr10__vth0p5__lr0p0005__a4__ig1__ls0p8.json,./result/fintune/runs/dynsrm__id013__tr2p5__trefr10__vth0p5__lr0p0005__a4__ig1__ls0p8,dynsrm,,2.5,10.0,0.5,0.0,0.0005,4.0,1.0,0.8,500,2,10,4096,100,2026
dynsrm__id014__tr3__trefr6__vth0p3__lr0p0005__a8__ig1p5__ls0p8,./result/fintune/configs/dynsrm__id014__tr3__trefr6__vth0p3__lr0p0005__a8__ig1p5__ls0p8.json,./result/fintune/runs/dynsrm__id014__tr3__trefr6__vth0p3__lr0p0005__a8__ig1p5__ls0p8,dynsrm,,3.0,6.0,0.3,0.0,0.0005,8.0,1.5,0.8,500,2,10,4096,100,2026
dynsrm__id015__tr1p5__trefr8__vth1__lr0p001__a6__ig0p8__ls0p8,./result/fintune/configs/dynsrm__id015__tr1p5__trefr8__vth1__lr0p001__a6__ig0p8__ls0p8.json,./result/fintune/runs/dynsrm__id015__tr1p5__trefr8__vth1__lr0p001__a6__ig0p8__ls0p8,dynsrm,,1.5,8.0,1.0,0.0,0.001,6.0,0.8,0.8,500,2,10,4096,100,2026
dynsrm__id016__tr2__trefr12__vth0p3__lr0p001__a8__ig1p5__ls1p2,./result/fintune/configs/dynsrm__id016__tr2__trefr12__vth0p3__lr0p001__a8__ig1p5__ls1p2.json,./result/fintune/runs/dynsrm__id016__tr2__trefr12__vth0p3__lr0p001__a8__ig1p5__ls1p2,dynsrm,,2.0,12.0,0.3,0.0,0.001,8.0,1.5,1.2,500,2,10,4096,100,2026
dynsrm__id017__tr2p5__trefr8__vth0p7__lr0p001__a8__ig1__ls1p2,./result/fintune/configs/dynsrm__id017__tr2p5__trefr8__vth0p7__lr0p001__a8__ig1__ls1p2.json,./result/fintune/runs/dynsrm__id017__tr2p5__trefr8__vth0p7__lr0p001__a8__ig1__ls1p2,dynsrm,,2.5,8.0,0.7,0.0,0.001,8.0,1.0,1.2,500,2,10,4096,100,2026
dynsrm__id018__tr4__trefr10__vth0p3__lr0p001__a6__ig1__ls0p8,./result/fintune/configs/dynsrm__id018__tr4__trefr10__vth0p3__lr0p001__a6__ig1__ls0p8.json,./result/fintune/runs/dynsrm__id018__tr4__trefr10__vth0p3__lr0p001__a6__ig1__ls0p8,dynsrm,,4.0,10.0,0.3,0.0,0.001,6.0,1.0,0.8,500,2,10,4096,100,2026
dynsrm__id019__tr4__trefr10__vth0p7__lr0p0008__a8__ig1p5__ls1p2,./result/fintune/configs/dynsrm__id019__tr4__trefr10__vth0p7__lr0p0008__a8__ig1p5__ls1p2.json,./result/fintune/runs/dynsrm__id019__tr4__trefr10__vth0p7__lr0p0008__a8__ig1p5__ls1p2,dynsrm,,4.0,10.0,0.7,0.0,0.0008,8.0,1.5,1.2,500,2,10,4096,100,2026
dynsrm__id020__tr3__trefr10__vth1__lr0p0008__a6__ig1p2__ls0p8,./result/fintune/configs/dynsrm__id020__tr3__trefr10__vth1__lr0p0008__a6__ig1p2__ls0p8.json,./result/fintune/runs/dynsrm__id020__tr3__trefr10__vth1__lr0p0008__a6__ig1p2__ls0p8,dynsrm,,3.0,10.0,1.0,0.0,0.0008,6.0,1.2,0.8,500,2,10,4096,100,2026
dynsrm__id021__tr3__trefr8__vth0p5__lr0p001__a6__ig1__ls1p2,./result/fintune/configs/dynsrm__id021__tr3__trefr8__vth0p5__lr0p001__a6__ig1__ls1p2.json,./result/fintune/runs/dynsrm__id021__tr3__trefr8__vth0p5__lr0p001__a6__ig1__ls1p2,dynsrm,,3.0,8.0,0.5,0.0,0.001,6.0,1.0,1.2,500,2,10,4096,100,2026
dynsrm__id022__tr4__trefr10__vth1__lr0p0005__a6__ig1p5__ls1p2,./result/fintune/configs/dynsrm__id022__tr4__trefr10__vth1__lr0p0005__a6__ig1p5__ls1p2.json,./result/fintune/runs/dynsrm__id022__tr4__trefr10__vth1__lr0p0005__a6__ig1p5__ls1p2,dynsrm,,4.0,10.0,1.0,0.0,0.0005,6.0,1.5,1.2,500,2,10,4096,100,2026
dynsrm__id023__tr3__trefr12__vth0p7__lr0p0005__a6__ig1__ls1,./result/fintune/configs/dynsrm__id023__tr3__trefr12__vth0p7__lr0p0005__a6__ig1__ls1.json,./result/fintune/runs/dynsrm__id023__tr3__trefr12__vth0p7__lr0p0005__a6__ig1__ls1,dynsrm,,3.0,12.0,0.7,0.0,0.0005,6.0,1.0,1.0,500,2,10,4096,100,2026
dynsrm__id024__tr4__trefr8__vth0p3__lr0p0008__a4__ig1p2__ls1,./result/fintune/configs/dynsrm__id024__tr4__trefr8__vth0p3__lr0p0008__a4__ig1p2__ls1.json,./result/fintune/runs/dynsrm__id024__tr4__trefr8__vth0p3__lr0p0008__a4__ig1p2__ls1,dynsrm,,4.0,8.0,0.3,0.0,0.0008,4.0,1.2,1.0,500,2,10,4096,100,2026
dynsrm__id025__tr1p5__trefr8__vth0p7__lr0p0005__a6__ig1p2__ls0p8,./result/fintune/configs/dynsrm__id025__tr1p5__trefr8__vth0p7__lr0p0005__a6__ig1p2__ls0p8.json,./result/fintune/runs/dynsrm__id025__tr1p5__trefr8__vth0p7__lr0p0005__a6__ig1p2__ls0p8,dynsrm,,1.5,8.0,0.7,0.0,0.0005,6.0,1.2,0.8,500,2,10,4096,100,2026
dynsrm__id026__tr2__trefr10__vth1__lr0p0008__a8__ig1__ls1p2,./result/fintune/configs/dynsrm__id026__tr2__trefr10__vth1__lr0p0008__a8__ig1__ls1p2.json,./result/fintune/runs/dynsrm__id026__tr2__trefr10__vth1__lr0p0008__a8__ig1__ls1p2,dynsrm,,2.0,10.0,1.0,0.0,0.0008,8.0,1.0,1.2,500,2,10,4096,100,2026
dynsrm__id027__tr3__trefr10__vth0p5__lr0p0008__a8__ig1p5__ls1,./result/fintune/configs/dynsrm__id027__tr3__trefr10__vth0p5__lr0p0008__a8__ig1p5__ls1.json,./result/fintune/runs/dynsrm__id027__tr3__trefr10__vth0p5__lr0p0008__a8__ig1p5__ls1,dynsrm,,3.0,10.0,0.5,0.0,0.0008,8.0,1.5,1.0,500,2,10,4096,100,2026
dynsrm__id028__tr2__trefr8__vth0p3__lr0p001__a4__ig1__ls0p8,./result/fintune/configs/dynsrm__id028__tr2__trefr8__vth0p3__lr0p001__a4__ig1__ls0p8.json,./result/fintune/runs/dynsrm__id028__tr2__trefr8__vth0p3__lr0p001__a4__ig1__ls0p8,dynsrm,,2.0,8.0,0.3,0.0,0.001,4.0,1.0,0.8,500,2,10,4096,100,2026
dynsrm__id029__tr3__trefr8__vth0p5__lr0p0005__a4__ig1__ls1p2,./result/fintune/configs/dynsrm__id029__tr3__trefr8__vth0p5__lr0p0005__a4__ig1__ls1p2.json,./result/fintune/runs/dynsrm__id029__tr3__trefr8__vth0p5__lr0p0005__a4__ig1__ls1p2,dynsrm,,3.0,8.0,0.5,0.0,0.0005,4.0,1.0,1.2,500,2,10,4096,100,2026
dynsrm__id030__tr4__trefr10__vth0p3__lr0p0005__a4__ig1__ls0p8,./result/fintune/configs/dynsrm__id030__tr4__trefr10__vth0p3__lr0p0005__a4__ig1__ls0p8.json,./result/fintune/runs/dynsrm__id030__tr4__trefr10__vth0p3__lr0p0005__a4__ig1__ls0p8,dynsrm,,4.0,10.0,0.3,0.0,0.0005,4.0,1.0,0.8,500,2,10,4096,100,2026
dynsrm__id031__tr2__trefr8__vth1__lr0p0008__a6__ig1p2__ls1,./result/fintune/configs/dynsrm__id031__tr2__trefr8__vth1__lr0p0008__a6__ig1p2__ls1.json,./result/fintune/runs/dynsrm__id031__tr2__trefr8__vth1__lr0p0008__a6__ig1p2__ls1,dynsrm,,2.0,8.0,1.0,0.0,0.0008,6.0,1.2,1.0,500,2,10,4096,100,2026
dynsrm__id032__tr4__trefr6__vth0p3__lr0p0005__a4__ig1p2__ls1,./result/fintune/configs/dynsrm__id032__tr4__trefr6__vth0p3__lr0p0005__a4__ig1p2__ls1.json,./result/fintune/runs/dynsrm__id032__tr4__trefr6__vth0p3__lr0p0005__a4__ig1p2__ls1,dynsrm,,4.0,6.0,0.3,0.0,0.0005,4.0,1.2,1.0,500,2,10,4096,100,2026
dynsrm__id033__tr2__trefr12__vth0p7__lr0p001__a8__ig1__ls1,./result/fintune/configs/dynsrm__id033__tr2__trefr12__vth0p7__lr0p001__a8__ig1__ls1.json,./result/fintune/runs/dynsrm__id033__tr2__trefr12__vth0p7__lr0p001__a8__ig1__ls1,dynsrm,,2.0,12.0,0.7,0.0,0.001,8.0,1.0,1.0,500,2,10,4096,100,2026
dynsrm__id034__tr1p5__trefr10__vth1__lr0p001__a8__ig0p8__ls0p8,./result/fintune/configs/dynsrm__id034__tr1p5__trefr10__vth1__lr0p001__a8__ig0p8__ls0p8.json,./result/fintune/runs/dynsrm__id034__tr1p5__trefr10__vth1__lr0p001__a8__ig0p8__ls0p8,dynsrm,,1.5,10.0,1.0,0.0,0.001,8.0,0.8,0.8,500,2,10,4096,100,2026
dynsrm__id035__tr2__trefr10__vth0p7__lr0p0005__a6__ig1p5__ls1,./result/fintune/configs/dynsrm__id035__tr2__trefr10__vth0p7__lr0p0005__a6__ig1p5__ls1.json,./result/fintune/runs/dynsrm__id035__tr2__trefr10__vth0p7__lr0p0005__a6__ig1p5__ls1,dynsrm,,2.0,10.0,0.7,0.0,0.0005,6.0,1.5,1.0,500,2,10,4096,100,2026
dynsrm__id036__tr2p5__trefr8__vth0p7__lr0p0008__a8__ig1p2__ls0p8,./result/fintune/configs/dynsrm__id036__tr2p5__trefr8__vth0p7__lr0p0008__a8__ig1p2__ls0p8.json,./result/fintune/runs/dynsrm__id036__tr2p5__trefr8__vth0p7__lr0p0008__a8__ig1p2__ls0p8,dynsrm,,2.5,8.0,0.7,0.0,0.0008,8.0,1.2,0.8,500,2,10,4096,100,2026
dynsrm__id037__tr2p5__trefr8__vth0p5__lr0p001__a8__ig1p2__ls1,./result/fintune/configs/dynsrm__id037__tr2p5__trefr8__vth0p5__lr0p001__a8__ig1p2__ls1.json,./result/fintune/runs/dynsrm__id037__tr2p5__trefr8__vth0p5__lr0p001__a8__ig1p2__ls1,dynsrm,,2.5,8.0,0.5,0.0,0.001,8.0,1.2,1.0,500,2,10,4096,100,2026
dynsrm__id038__tr3__trefr8__vth0p5__lr0p0005__a6__ig1__ls1p2,./result/fintune/configs/dynsrm__id038__tr3__trefr8__vth0p5__lr0p0005__a6__ig1__ls1p2.json,./result/fintune/runs/dynsrm__id038__tr3__trefr8__vth0p5__lr0p0005__a6__ig1__ls1p2,dynsrm,,3.0,8.0,0.5,0.0,0.0005,6.0,1.0,1.2,500,2,10,4096,100,2026
dynsrm__id039__tr4__trefr10__vth0p3__lr0p0008__a8__ig1__ls1,./result/fintune/configs/dynsrm__id039__tr4__trefr10__vth0p3__lr0p0008__a8__ig1__ls1.json,./result/fintune/runs/dynsrm__id039__tr4__trefr10__vth0p3__lr0p0008__a8__ig1__ls1,dynsrm,,4.0,10.0,0.3,0.0,0.0008,8.0,1.0,1.0,500,2,10,4096,100,2026
dynsrm__id040__tr2__trefr6__vth0p3__lr0p0005__a8__ig0p8__ls1p2,./result/fintune/configs/dynsrm__id040__tr2__trefr6__vth0p3__lr0p0005__a8__ig0p8__ls1p2.json,./result/fintune/runs/dynsrm__id040__tr2__trefr6__vth0p3__lr0p0005__a8__ig0p8__ls1p2,dynsrm,,2.0,6.0,0.3,0.0,0.0005,8.0,0.8,1.2,500,2,10,4096,100,2026
dynsrm__id041__tr2__trefr12__vth1__lr0p0005__a8__ig0p8__ls1p2,./result/fintune/configs/dynsrm__id041__tr2__trefr12__vth1__lr0p0005__a8__ig0p8__ls1p2.json,./result/fintune/runs/dynsrm__id041__tr2__trefr12__vth1__lr0p0005__a8__ig0p8__ls1p2,dynsrm,,2.0,12.0,1.0,0.0,0.0005,8.0,0.8,1.2,500,2,10,4096,100,2026
dynsrm__id042__tr1p5__trefr8__vth0p7__lr0p0005__a8__ig0p8__ls1,./result/fintune/configs/dynsrm__id042__tr1p5__trefr8__vth0p7__lr0p0005__a8__ig0p8__ls1.json,./result/fintune/runs/dynsrm__id042__tr1p5__trefr8__vth0p7__lr0p0005__a8__ig0p8__ls1,dynsrm,,1.5,8.0,0.7,0.0,0.0005,8.0,0.8,1.0,500,2,10,4096,100,2026
dynsrm__id043__tr1p5__trefr16__vth0p3__lr0p0008__a4__ig1p5__ls0p8,./result/fintune/configs/dynsrm__id043__tr1p5__trefr16__vth0p3__lr0p0008__a4__ig1p5__ls0p8.json,./result/fintune/runs/dynsrm__id043__tr1p5__trefr16__vth0p3__lr0p0008__a4__ig1p5__ls0p8,dynsrm,,1.5,16.0,0.3,0.0,0.0008,4.0,1.5,0.8,500,2,10,4096,100,2026
dynsrm__id044__tr4__trefr10__vth1__lr0p0008__a4__ig1__ls0p8,./result/fintune/configs/dynsrm__id044__tr4__trefr10__vth1__lr0p0008__a4__ig1__ls0p8.json,./result/fintune/runs/dynsrm__id044__tr4__trefr10__vth1__lr0p0008__a4__ig1__ls0p8,dynsrm,,4.0,10.0,1.0,0.0,0.0008,4.0,1.0,0.8,500,2,10,4096,100,2026
dynsrm__id045__tr3__trefr16__vth1__lr0p001__a4__ig1p5__ls1p2,./result/fintune/configs/dynsrm__id045__tr3__trefr16__vth1__lr0p001__a4__ig1p5__ls1p2.json,./result/fintune/runs/dynsrm__id045__tr3__trefr16__vth1__lr0p001__a4__ig1p5__ls1p2,dynsrm,,3.0,16.0,1.0,0.0,0.001,4.0,1.5,1.2,500,2,10,4096,100,2026
dynsrm__id046__tr2p5__trefr16__vth0p3__lr0p0008__a6__ig1p5__ls1,./result/fintune/configs/dynsrm__id046__tr2p5__trefr16__vth0p3__lr0p0008__a6__ig1p5__ls1.json,./result/fintune/runs/dynsrm__id046__tr2p5__trefr16__vth0p3__lr0p0008__a6__ig1p5__ls1,dynsrm,,2.5,16.0,0.3,0.0,0.0008,6.0,1.5,1.0,500,2,10,4096,100,2026
dynsrm__id047__tr1p5__trefr16__vth0p7__lr0p0005__a8__ig1p2__ls1,./result/fintune/configs/dynsrm__id047__tr1p5__trefr16__vth0p7__lr0p0005__a8__ig1p2__ls1.json,./result/fintune/runs/dynsrm__id047__tr1p5__trefr16__vth0p7__lr0p0005__a8__ig1p2__ls1,dynsrm,,1.5,16.0,0.7,0.0,0.0005,8.0,1.2,1.0,500,2,10,4096,100,2026
